INSERT INTO user_roles (id, type)
VALUES (1, 'ROLE_ADMIN'),
       (2, 'ROLE_BLOGGER'),
       (3, 'ROLE_CUSTOMER'),
       (4, 'ROLE_OFFICE_EMPLOYEE'),
       (5, 'ROLE_RENTING_EMPLOYEE');

INSERT INTO users (id, name, surname, password, email, phone, birth_date, enabled)
VALUES (1, 'Rooney', 'Huff', '$2a$04$XwCaQOgYeWbZggslQffbN.91C0PDP1K6Oo5rCMkgrF.31RmqnY8Jm', 'lobortis@velnisl.net', '(0181) 760 8925', '2018-10-25', true),
       (2, 'Eagan', 'Foley', '$2a$04$XwCaQOgYeWbZggslQffbN.91C0PDP1K6Oo5rCMkgrF.31RmqnY8Jm', 'ullamcorper.viverra@accumsan.edu', '0966 824 6434', '2019-01-29', true),
       (3, 'Owen', 'Gamble', '$2a$04$XwCaQOgYeWbZggslQffbN.91C0PDP1K6Oo5rCMkgrF.31RmqnY8Jm', 'volutpat.Nulla.facilisis@Crasloremlorem.edu', '(0117) 074 0154', '2017-08-17', true),
       (4, 'Hanae', 'Hoover', '$2a$04$XwCaQOgYeWbZggslQffbN.91C0PDP1K6Oo5rCMkgrF.31RmqnY8Jm', 'Ut@purus.co.uk', '(01758) 79978', '2018-08-31', true),
       (5, 'Judith', 'Love', '$2a$04$XwCaQOgYeWbZggslQffbN.91C0PDP1K6Oo5rCMkgrF.31RmqnY8Jm', 'Quisque@Fusce.com', '(0115) 579 9066', '2019-07-07', true),
       (6, 'Zelenia', 'Sullivan', '$2a$04$XwCaQOgYeWbZggslQffbN.91C0PDP1K6Oo5rCMkgrF.31RmqnY8Jm', 'In.lorem@amet.edu', '0388 513 4393', '2019-03-31', true),
       (7, 'Edan', 'Sanford', '$2a$04$XwCaQOgYeWbZggslQffbN.91C0PDP1K6Oo5rCMkgrF.31RmqnY8Jm', 'tincidunt.tempus.risus@enimmitempor.ca', '0800 1111', '2018-01-07', true),
       (8, 'Nicole', 'Guthrie', '$2a$04$XwCaQOgYeWbZggslQffbN.91C0PDP1K6Oo5rCMkgrF.31RmqnY8Jm', 'a@auctorveliteget.ca', '055 6381 3457', '2018-03-24', true),
       (9, 'Jack', 'Sweet', '$2a$04$XwCaQOgYeWbZggslQffbN.91C0PDP1K6Oo5rCMkgrF.31RmqnY8Jm', 'Donec@Morbi.co.uk', '07624 011266', '2018-01-14', true),
       (10, 'Idona', 'Abbott', '$2a$04$XwCaQOgYeWbZggslQffbN.91C0PDP1K6Oo5rCMkgrF.31RmqnY8Jm', 'vehicula.risus@Nullamscelerisque.com', '055 4978 9916', '2018-06-08', true),
       (11, 'Sonia', 'Burns', '$2a$04$XwCaQOgYeWbZggslQffbN.91C0PDP1K6Oo5rCMkgrF.31RmqnY8Jm', 'turpis.vitae@aliquet.co.uk', '07624 450363', '2017-08-07', true),
       (12, 'Price', 'Lambert', '$2a$04$XwCaQOgYeWbZggslQffbN.91C0PDP1K6Oo5rCMkgrF.31RmqnY8Jm', 'arcu.Nunc.mauris@temporbibendum.ca', '(01689) 67982', '2019-05-16', true),
       (13, 'Jocelyn', 'Mcclure', '$2a$04$XwCaQOgYeWbZggslQffbN.91C0PDP1K6Oo5rCMkgrF.31RmqnY8Jm', 'lacinia@uteros.com', '055 4722 2827', '2018-03-12', true),
       (14, 'Perry', 'Hunter', '$2a$04$XwCaQOgYeWbZggslQffbN.91C0PDP1K6Oo5rCMkgrF.31RmqnY8Jm', 'euismod.urna@rhoncusProin.net', '07889 396537', '2019-06-17', true),
       (15, 'Buckminster', 'Hopper', '$2a$04$XwCaQOgYeWbZggslQffbN.91C0PDP1K6Oo5rCMkgrF.31RmqnY8Jm', 'quis.lectus.Nullam@Suspendisse.ca', '0340 034 5581', '2017-10-02', true),
       (16, 'Kim', 'Mcleod', '$2a$04$XwCaQOgYeWbZggslQffbN.91C0PDP1K6Oo5rCMkgrF.31RmqnY8Jm', 'purus@est.org', '0800 1111', '2019-04-20', true),
       (17, 'Yael', 'Ray', '$2a$04$XwCaQOgYeWbZggslQffbN.91C0PDP1K6Oo5rCMkgrF.31RmqnY8Jm', 'turpis@urna.net', '0845 46 44', '2019-06-16', true),
       (18, 'Philip', 'Knox', '$2a$04$XwCaQOgYeWbZggslQffbN.91C0PDP1K6Oo5rCMkgrF.31RmqnY8Jm', 'libero@id.ca', '070 5239 4613', '2019-05-09', true),
       (19, 'Odessa', 'Gilmore', '$2a$04$XwCaQOgYeWbZggslQffbN.91C0PDP1K6Oo5rCMkgrF.31RmqnY8Jm', 'Vivamus.nibh.dolor@disparturient.net', '0845 46 47', '2018-07-24', true),
       (20, 'Nadine', 'Bonner', '$2a$04$XwCaQOgYeWbZggslQffbN.91C0PDP1K6Oo5rCMkgrF.31RmqnY8Jm', 'Sed.id@hendreritid.net', '076 1207 3325', '2019-03-01', true),
       (21, 'Fay', 'Copeland', '$2a$04$XwCaQOgYeWbZggslQffbN.91C0PDP1K6Oo5rCMkgrF.31RmqnY8Jm', 'Phasellus.dolor.elit@sedpedenec.co.uk', '056 1780 5238', '2019-05-03', true),
       (22, 'Dacey', 'Benton', '$2a$04$XwCaQOgYeWbZggslQffbN.91C0PDP1K6Oo5rCMkgrF.31RmqnY8Jm', 'quis.massa@risusquis.edu', '070 8907 2549', '2018-07-08', true),
       (23, 'Orli', 'Yang', '$2a$04$XwCaQOgYeWbZggslQffbN.91C0PDP1K6Oo5rCMkgrF.31RmqnY8Jm', 'fringilla@iaculisenimsit.net', '(0111) 930 7255', '2018-04-25', true),
       (24, 'Uriel', 'Roy', '$2a$04$XwCaQOgYeWbZggslQffbN.91C0PDP1K6Oo5rCMkgrF.31RmqnY8Jm', 'dui.nec@posuere.net', '076 0896 3655', '2018-10-23', true),
       (25, 'Zoe', 'Webb', '$2a$04$XwCaQOgYeWbZggslQffbN.91C0PDP1K6Oo5rCMkgrF.31RmqnY8Jm', 'vitae.risus@sedorcilobortis.org', '070 1736 7302', '2017-09-14', true),
       (26, 'Ivan', 'Carr', '$2a$04$XwCaQOgYeWbZggslQffbN.91C0PDP1K6Oo5rCMkgrF.31RmqnY8Jm', 'amet.faucibus.ut@sed.edu', '0800 147626', '2018-05-03', true),
       (27, 'Carol', 'Hansen', '$2a$04$XwCaQOgYeWbZggslQffbN.91C0PDP1K6Oo5rCMkgrF.31RmqnY8Jm', 'Quisque@nec.ca', '(01676) 61169', '2019-06-14', true),
       (28, 'Willa', 'Mathews', '$2a$04$XwCaQOgYeWbZggslQffbN.91C0PDP1K6Oo5rCMkgrF.31RmqnY8Jm', 'sem.consequat@Phasellusin.edu', '0500 450288', '2019-06-15', true),
       (29, 'Alyssa', 'Hancock', '$2a$04$XwCaQOgYeWbZggslQffbN.91C0PDP1K6Oo5rCMkgrF.31RmqnY8Jm', 'ut@maurissagittisplacerat.org', '0923 326 8855', '2019-04-12', true),
       (30, 'Shea', 'Joyner', '$2a$04$XwCaQOgYeWbZggslQffbN.91C0PDP1K6Oo5rCMkgrF.31RmqnY8Jm', 'tincidunt.Donec.vitae@arcuMorbi.co.uk', '(015457) 51559', '2018-11-10', true),
       (31, 'Malik', 'Dean', '$2a$04$XwCaQOgYeWbZggslQffbN.91C0PDP1K6Oo5rCMkgrF.31RmqnY8Jm', 'Vestibulum.ut.eros@sollicitudinadipiscingligula.org', '(0117) 710 1999', '2018-08-09', true),
       (32, 'Evelyn', 'Valentine', '$2a$04$XwCaQOgYeWbZggslQffbN.91C0PDP1K6Oo5rCMkgrF.31RmqnY8Jm', 'sit@elit.ca', '056 6237 7242', '2018-10-04', true),
       (33, 'Medge', 'Maxwell', '$2a$04$XwCaQOgYeWbZggslQffbN.91C0PDP1K6Oo5rCMkgrF.31RmqnY8Jm', 'libero.Donec.consectetuer@liberoat.net', '07624 048463', '2017-10-08', true),
       (34, 'Ayanna', 'Lopez', '$2a$04$XwCaQOgYeWbZggslQffbN.91C0PDP1K6Oo5rCMkgrF.31RmqnY8Jm', 'feugiat.metus.sit@ornareplaceratorci.ca', '076 0403 3372', '2018-01-04', true),
       (35, 'Caldwell', 'Shaw', '$2a$04$XwCaQOgYeWbZggslQffbN.91C0PDP1K6Oo5rCMkgrF.31RmqnY8Jm', 'fermentum.fermentum.arcu@egetmassa.net', '055 6428 7074', '2017-12-31', true),
       (36, 'Sasha', 'Carrillo', '$2a$04$XwCaQOgYeWbZggslQffbN.91C0PDP1K6Oo5rCMkgrF.31RmqnY8Jm', 'ornare.In.faucibus@sollicitudincommodoipsum.edu', '0956 978 9982', '2018-08-03', true),
       (37, 'Gage', 'Holmes', '$2a$04$XwCaQOgYeWbZggslQffbN.91C0PDP1K6Oo5rCMkgrF.31RmqnY8Jm', 'Sed.auctor.odio@malesuadafames.ca', '07624 567001', '2018-06-03', true),
       (38, 'Hayley', 'Duran', '$2a$04$XwCaQOgYeWbZggslQffbN.91C0PDP1K6Oo5rCMkgrF.31RmqnY8Jm', 'sapien.imperdiet@Nuncmaurissapien.edu', '(01033) 87883', '2017-11-08', true),
       (39, 'Grady', 'Branch', '$2a$04$XwCaQOgYeWbZggslQffbN.91C0PDP1K6Oo5rCMkgrF.31RmqnY8Jm', 'consectetuer.adipiscing@habitantmorbitristique.net', '07263 179117', '2019-06-28', true),
       (40, 'Claire', 'Welch', '$2a$04$XwCaQOgYeWbZggslQffbN.91C0PDP1K6Oo5rCMkgrF.31RmqnY8Jm', 'turpis.non@tellusimperdietnon.ca', '07435 203505', '2019-01-24', true),
       (41, 'Dale', 'Francis', '$2a$04$XwCaQOgYeWbZggslQffbN.91C0PDP1K6Oo5rCMkgrF.31RmqnY8Jm', 'nec.mollis.vitae@risus.org', '0386 184 2753', '2017-08-20', true),
       (42, 'Derek', 'Moreno', '$2a$04$XwCaQOgYeWbZggslQffbN.91C0PDP1K6Oo5rCMkgrF.31RmqnY8Jm', 'Ut.sagittis@facilisisvitae.edu', '0845 46 41', '2018-11-23', true),
       (43, 'Ila', 'Hardy', '$2a$04$XwCaQOgYeWbZggslQffbN.91C0PDP1K6Oo5rCMkgrF.31RmqnY8Jm', 'sociis@ametconsectetueradipiscing.com', '0800 1111', '2019-05-21', true),
       (44, 'Madeson', 'Logan', '$2a$04$XwCaQOgYeWbZggslQffbN.91C0PDP1K6Oo5rCMkgrF.31RmqnY8Jm', 'quis.urna.Nunc@venenatisamagna.ca', '(0121) 135 5048', '2018-01-18', true),
       (45, 'Cadman', 'Barron', '$2a$04$XwCaQOgYeWbZggslQffbN.91C0PDP1K6Oo5rCMkgrF.31RmqnY8Jm', 'quis@acmattis.com', '07624 447860', '2018-07-26', true),
       (46, 'Petra', 'Cameron', '$2a$04$XwCaQOgYeWbZggslQffbN.91C0PDP1K6Oo5rCMkgrF.31RmqnY8Jm', 'In@sem.ca', '0500 427723', '2017-08-03', true),
       (47, 'Zelda', 'Cook', '$2a$04$XwCaQOgYeWbZggslQffbN.91C0PDP1K6Oo5rCMkgrF.31RmqnY8Jm', 'risus@justonec.org', '07706 566026', '2017-09-10', true),
       (48, 'Julian', 'Nixon', '$2a$04$XwCaQOgYeWbZggslQffbN.91C0PDP1K6Oo5rCMkgrF.31RmqnY8Jm', 'in.cursus@Phasellus.net', '0800 358 0552', '2018-06-21', true),
       (49, 'Hiroko', 'Ellison', '$2a$04$XwCaQOgYeWbZggslQffbN.91C0PDP1K6Oo5rCMkgrF.31RmqnY8Jm', 'Duis@ultrices.co.uk', '0800 1111', '2018-06-29', true),
       (50, 'Frances', 'Whitaker', '$2a$04$XwCaQOgYeWbZggslQffbN.91C0PDP1K6Oo5rCMkgrF.31RmqnY8Jm', 'et@lacusEtiam.edu', '07624 840321', '2018-06-29', true),
       (51, 'Gabriel', 'Sears', '$2a$04$XwCaQOgYeWbZggslQffbN.91C0PDP1K6Oo5rCMkgrF.31RmqnY8Jm', 'augue.malesuada@Sed.edu', '0800 100311', '2017-08-11', true),
       (52, 'Zeus', 'Williamson', '$2a$04$XwCaQOgYeWbZggslQffbN.91C0PDP1K6Oo5rCMkgrF.31RmqnY8Jm', 'sed.dui@vitaeposuereat.org', '0800 896720', '2019-06-06', true),
       (53, 'Isaac', 'Mcgee', '$2a$04$XwCaQOgYeWbZggslQffbN.91C0PDP1K6Oo5rCMkgrF.31RmqnY8Jm', 'habitant.morbi.tristique@in.edu', '(016977) 5962', '2018-03-31', true),
       (54, 'Harding', 'Forbes', '$2a$04$XwCaQOgYeWbZggslQffbN.91C0PDP1K6Oo5rCMkgrF.31RmqnY8Jm', 'egestas.Aliquam.nec@vestibulummassa.org', '(01121) 91703', '2018-06-04', true),
       (55, 'Aladdin', 'Michael', '$2a$04$XwCaQOgYeWbZggslQffbN.91C0PDP1K6Oo5rCMkgrF.31RmqnY8Jm', 'dui.Suspendisse@orciquislectus.com', '(016348) 58082', '2019-02-22', true),
       (56, 'Talon', 'Franco', '$2a$04$XwCaQOgYeWbZggslQffbN.91C0PDP1K6Oo5rCMkgrF.31RmqnY8Jm', 'tellus.justo.sit@aliquamarcu.edu', '076 9559 6674', '2018-11-06', true),
       (57, 'Aspen', 'Kirkland', '$2a$04$XwCaQOgYeWbZggslQffbN.91C0PDP1K6Oo5rCMkgrF.31RmqnY8Jm', 'rhoncus@Sednecmetus.net', '0800 410883', '2017-12-30', true),
       (58, 'Tatiana', 'Cain', '$2a$04$XwCaQOgYeWbZggslQffbN.91C0PDP1K6Oo5rCMkgrF.31RmqnY8Jm', 'sed.sapien.Nunc@etrutrum.net', '(0181) 525 1628', '2017-10-24', true),
       (59, 'Patience', 'Adams', '$2a$04$XwCaQOgYeWbZggslQffbN.91C0PDP1K6Oo5rCMkgrF.31RmqnY8Jm', 'adipiscing.lacus@risusNunc.org', '0865 869 0980', '2019-01-07', true),
       (60, 'Abdul', 'Cardenas', '$2a$04$XwCaQOgYeWbZggslQffbN.91C0PDP1K6Oo5rCMkgrF.31RmqnY8Jm', 'ipsum.leo.elementum@urna.org', '055 1682 3878', '2017-09-25', true),
       (61, 'Yetta', 'Yates', '$2a$04$XwCaQOgYeWbZggslQffbN.91C0PDP1K6Oo5rCMkgrF.31RmqnY8Jm', 'odio.Etiam@ut.com', '(0118) 350 3171', '2018-01-14', true),
       (62, 'Kerry', 'Jennings', '$2a$04$XwCaQOgYeWbZggslQffbN.91C0PDP1K6Oo5rCMkgrF.31RmqnY8Jm', 'Nulla.tincidunt@turpis.edu', '0929 828 0552', '2018-11-16', true),
       (63, 'Alfonso', 'Terrell', '$2a$04$XwCaQOgYeWbZggslQffbN.91C0PDP1K6Oo5rCMkgrF.31RmqnY8Jm', 'eu@Aeneanmassa.com', '0800 643965', '2019-06-24', true),
       (64, 'Dennis', 'Mercer', '$2a$04$XwCaQOgYeWbZggslQffbN.91C0PDP1K6Oo5rCMkgrF.31RmqnY8Jm', 'egestas@ullamcorperDuiscursus.net', '(0118) 419 7563', '2017-12-04', true),
       (65, 'Christopher', 'Irwin', '$2a$04$XwCaQOgYeWbZggslQffbN.91C0PDP1K6Oo5rCMkgrF.31RmqnY8Jm', 'molestie@infaucibusorci.edu', '(0141) 607 0265', '2019-05-23', true),
       (66, 'Denton', 'Hoffman', '$2a$04$XwCaQOgYeWbZggslQffbN.91C0PDP1K6Oo5rCMkgrF.31RmqnY8Jm', 'ut@nulla.org', '(0111) 169 8659', '2019-04-30', true),
       (67, 'Maryam', 'Mccormick', '$2a$04$XwCaQOgYeWbZggslQffbN.91C0PDP1K6Oo5rCMkgrF.31RmqnY8Jm', 'sed.dolor.Fusce@Nullasempertellus.ca', '0800 693510', '2019-03-07', true),
       (68, 'Gillian', 'Crosby', '$2a$04$XwCaQOgYeWbZggslQffbN.91C0PDP1K6Oo5rCMkgrF.31RmqnY8Jm', 'cursus.a.enim@Fuscefermentum.co.uk', '(016977) 4709', '2019-07-21', true),
       (69, 'Steven', 'Oconnor', '$2a$04$XwCaQOgYeWbZggslQffbN.91C0PDP1K6Oo5rCMkgrF.31RmqnY8Jm', 'arcu.Aliquam.ultrices@mattis.net', '055 0892 0915', '2017-10-08', true),
       (70, 'Brielle', 'Mercer', '$2a$04$XwCaQOgYeWbZggslQffbN.91C0PDP1K6Oo5rCMkgrF.31RmqnY8Jm', 'orci.Phasellus.dapibus@vestibulum.com', '0993 588 9491', '2018-04-21', true),
       (71, 'Quail', 'Thomas', '$2a$04$XwCaQOgYeWbZggslQffbN.91C0PDP1K6Oo5rCMkgrF.31RmqnY8Jm', 'non@famesacturpis.org', '0845 46 42', '2018-12-06', true),
       (72, 'Anjolie', 'Fry', '$2a$04$XwCaQOgYeWbZggslQffbN.91C0PDP1K6Oo5rCMkgrF.31RmqnY8Jm', 'malesuada.fames.ac@loremacrisus.co.uk', '0847 947 6671', '2019-05-29', true),
       (73, 'Rinah', 'Price', '$2a$04$XwCaQOgYeWbZggslQffbN.91C0PDP1K6Oo5rCMkgrF.31RmqnY8Jm', 'at.velit@aliquam.ca', '(027) 6030 7997', '2018-12-21', true),
       (74, 'Sonia', 'Sloan', '$2a$04$XwCaQOgYeWbZggslQffbN.91C0PDP1K6Oo5rCMkgrF.31RmqnY8Jm', 'quam.a.felis@ipsumdolorsit.edu', '0800 013 7423', '2018-02-25', true),
       (75, 'Cullen', 'Richards', '$2a$04$XwCaQOgYeWbZggslQffbN.91C0PDP1K6Oo5rCMkgrF.31RmqnY8Jm', 'Cras.convallis@lobortis.org', '070 7010 7025', '2019-04-26', true),
       (76, 'Dexter', 'Love', '$2a$04$XwCaQOgYeWbZggslQffbN.91C0PDP1K6Oo5rCMkgrF.31RmqnY8Jm', 'est.Nunc.ullamcorper@acsemut.edu', '0398 901 4779', '2018-04-19', true),
       (77, 'Kiona', 'Solis', '$2a$04$XwCaQOgYeWbZggslQffbN.91C0PDP1K6Oo5rCMkgrF.31RmqnY8Jm', 'ut@Duisac.org', '(017320) 38228', '2018-09-26', true),
       (78, 'Kimberley', 'Johnson', '$2a$04$XwCaQOgYeWbZggslQffbN.91C0PDP1K6Oo5rCMkgrF.31RmqnY8Jm', 'sociis@ornarelectusjusto.ca', '(0161) 388 4976', '2017-11-14', true),
       (79, 'Teegan', 'Preston', '$2a$04$XwCaQOgYeWbZggslQffbN.91C0PDP1K6Oo5rCMkgrF.31RmqnY8Jm', 'Nullam@nonsollicitudina.edu', '(0141) 554 8918', '2019-05-17', true),
       (80, 'Cameron', 'Petersen', '$2a$04$XwCaQOgYeWbZggslQffbN.91C0PDP1K6Oo5rCMkgrF.31RmqnY8Jm', 'imperdiet@elitdictum.edu', '(01208) 27175', '2018-09-01', true),
       (81, 'Kiayada', 'Webster', '$2a$04$XwCaQOgYeWbZggslQffbN.91C0PDP1K6Oo5rCMkgrF.31RmqnY8Jm', 'aliquam@nasceturridiculusmus.net', '(01759) 93116', '2018-10-16', true),
       (82, 'Reese', 'Russell', '$2a$04$XwCaQOgYeWbZggslQffbN.91C0PDP1K6Oo5rCMkgrF.31RmqnY8Jm', 'eget.ipsum@orciquislectus.ca', '0882 047 9768', '2018-07-02', true),
       (83, 'Bevis', 'Lawson', '$2a$04$XwCaQOgYeWbZggslQffbN.91C0PDP1K6Oo5rCMkgrF.31RmqnY8Jm', 'egestas@Morbiquisurna.ca', '07743 817931', '2019-07-10', true),
       (84, 'Chancellor', 'Mccarthy', '$2a$04$XwCaQOgYeWbZggslQffbN.91C0PDP1K6Oo5rCMkgrF.31RmqnY8Jm', 'nunc.risus.varius@elit.net', '(0141) 364 9558', '2019-01-19', true),
       (85, 'Rina', 'Rivers', '$2a$04$XwCaQOgYeWbZggslQffbN.91C0PDP1K6Oo5rCMkgrF.31RmqnY8Jm', 'Vestibulum.ut.eros@Aliquam.org', '07154 945357', '2019-07-16', true),
       (86, 'Michael', 'Carney', '$2a$04$XwCaQOgYeWbZggslQffbN.91C0PDP1K6Oo5rCMkgrF.31RmqnY8Jm', 'sit.amet@risusInmi.edu', '0800 703831', '2019-01-25', true),
       (87, 'Igor', 'Gillespie', '$2a$04$XwCaQOgYeWbZggslQffbN.91C0PDP1K6Oo5rCMkgrF.31RmqnY8Jm', 'sapien@felispurusac.org', '07624 657732', '2018-04-22', true),
       (88, 'Theodore', 'Barker', '$2a$04$XwCaQOgYeWbZggslQffbN.91C0PDP1K6Oo5rCMkgrF.31RmqnY8Jm', 'tristique@ullamcorper.org', '(016977) 6867', '2017-12-10', true),
       (89, 'Hadassah', 'Cochran', '$2a$04$XwCaQOgYeWbZggslQffbN.91C0PDP1K6Oo5rCMkgrF.31RmqnY8Jm', 'Aenean.massa.Integer@purussapiengravida.ca', '07624 228855', '2018-05-10', true),
       (90, 'Fleur', 'Farley', '$2a$04$XwCaQOgYeWbZggslQffbN.91C0PDP1K6Oo5rCMkgrF.31RmqnY8Jm', 'dapibus.ligula.Aliquam@risusatfringilla.org', '(012656) 17504', '2018-08-29', true),
       (91, 'Hilel', 'Bernard', '$2a$04$XwCaQOgYeWbZggslQffbN.91C0PDP1K6Oo5rCMkgrF.31RmqnY8Jm', 'odio@magna.edu', '(0181) 589 6122', '2018-10-30', true),
       (92, 'Benjamin', 'Summers', '$2a$04$XwCaQOgYeWbZggslQffbN.91C0PDP1K6Oo5rCMkgrF.31RmqnY8Jm', 'auctor.odio.a@nisiAeneaneget.co.uk', '0845 46 45', '2017-10-01', true),
       (93, 'Ivana', 'Harper', '$2a$04$XwCaQOgYeWbZggslQffbN.91C0PDP1K6Oo5rCMkgrF.31RmqnY8Jm', 'dictum.Phasellus@pedePraesent.ca', '0845 46 46', '2018-06-29', true),
       (94, 'Aquila', 'Gates', '$2a$04$XwCaQOgYeWbZggslQffbN.91C0PDP1K6Oo5rCMkgrF.31RmqnY8Jm', 'varius.ultrices.mauris@porttitor.co.uk', '0900 993 0002', '2018-07-08', true),
       (95, 'Logan', 'Sears', '$2a$04$XwCaQOgYeWbZggslQffbN.91C0PDP1K6Oo5rCMkgrF.31RmqnY8Jm', 'odio.tristique.pharetra@vehicula.net', '(0110) 222 7469', '2019-03-23', true),
       (96, 'Maisie', 'Walsh', '$2a$04$XwCaQOgYeWbZggslQffbN.91C0PDP1K6Oo5rCMkgrF.31RmqnY8Jm', 'elit@vitaesodales.net', '0816 257 3221', '2017-08-01', true),
       (97, 'Orli', 'Sosa', '$2a$04$XwCaQOgYeWbZggslQffbN.91C0PDP1K6Oo5rCMkgrF.31RmqnY8Jm', 'sed.pede@Curabiturmassa.net', '070 7970 9639', '2019-01-15', true),
       (98, 'Demetria', 'Gonzalez', '$2a$04$XwCaQOgYeWbZggslQffbN.91C0PDP1K6Oo5rCMkgrF.31RmqnY8Jm', 'molestie.tellus.Aenean@Pellentesqueultricies.edu', '(01004) 062095', '2017-10-07', true),
       (99, 'Odette', 'Manning', '$2a$04$XwCaQOgYeWbZggslQffbN.91C0PDP1K6Oo5rCMkgrF.31RmqnY8Jm', 'lectus.pede@sociisnatoque.ca', '0348 069 7118', '2018-07-12', true),
       (100, 'Kennan', 'Blanchard', '$2a$04$XwCaQOgYeWbZggslQffbN.91C0PDP1K6Oo5rCMkgrF.31RmqnY8Jm', 'lorem.sit@massa.ca', '(0112) 899 2379', '2018-12-09', true),
       (101, 'Adam', 'Tomkowski', '$2a$10$UbB2jVomiiCQMbSSO2dn.Oi5pgxM9ydh3O4nn5Wj2Rc48GBrAbmg2', 'adam.kowalski1@interia.pl', '123 456 321', '1996-02-10', true),
       (102, 'Marek', 'Adamowski', '$2a$10$pJyncdXvc60ySfcFD9FF0OswMVWpEAN5qdiRvhFvjfsSyMDychCQy', 'marek@gmail.com', '123 321 222', '1995-01-01', true),
       (103, 'Karol', 'Nowakowski', '$2a$10$68MN/PUjqXoAe5WnBls04.oW/V1IO1ZKKcqsaAJC5x7XkxGPOm6n2', 'karol.nowakowski@gmail.com', '312 311 123', '1992-06-17', true);

INSERT INTO app_users_roles (user_id, user_role_id)
VALUES (1, 1),
       (2, 2),
       (3, 2),
       (4, 2),
       (5, 2),
       (6, 2),
       (7, 2),
       (8, 2),
       (9, 2),
       (10, 2),
       (11, 2),
       (12, 2),
       (13, 2),
       (14, 2),
       (15, 2),
       (16, 2),
       (17, 2),
       (18, 2),
       (19, 2),
       (20, 2),
       (21, 2),
       (22, 2),
       (23, 2),
       (24, 2),
       (25, 2),
       (26, 2),
       (27, 2),
       (28, 2),
       (29, 2),
       (30, 2),
       (31, 2),
       (32, 2),
       (33, 2),
       (34, 2),
       (35, 2),
       (36, 2),
       (37, 2),
       (38, 2),
       (39, 2),
       (40, 2),
       (41, 4),
       (42, 4),
       (43, 4),
       (44, 4),
       (45, 4),
       (46, 4),
       (47, 4),
       (48, 4),
       (49, 4),
       (50, 4),
       (51, 5),
       (52, 5),
       (53, 5),
       (54, 5),
       (55, 5),
       (56, 3),
       (57, 3),
       (58, 3),
       (59, 3),
       (60, 3),
       (61, 3),
       (62, 3),
       (63, 3),
       (64, 3),
       (65, 3),
       (66, 3),
       (67, 3),
       (68, 3),
       (69, 3),
       (70, 3),
       (71, 2),
       (72, 2),
       (73, 2),
       (74, 2),
       (75, 2),
       (76, 2),
       (77, 2),
       (78, 2),
       (79, 2),
       (80, 2),
       (81, 2),
       (82, 2),
       (83, 2),
       (84, 2),
       (85, 2),
       (86, 2),
       (87, 2),
       (88, 2),
       (89, 2),
       (90, 2),
       (91, 2),
       (92, 2),
       (93, 2),
       (94, 2),
       (95, 2),
       (96, 1),
       (97, 1),
       (98, 1),
       (99, 1),
       (100, 1),
       (101, 2),
       (102, 2),
       (102, 3),
       (103, 1),
       (103, 2);
