INSERT INTO user_roles (id, type)
VALUES (1, 'ROLE_ADMIN'),
       (2, 'ROLE_BLOGGER'),
       (3, 'ROLE_CUSTOMER'),
       (4, 'ROLE_OFFICE_EMPLOYEE'),
       (5, 'ROLE_RENTING_EMPLOYEE');

INSERT INTO users (id, name, surname, login, password, email, phone, birth_date, pesel)
VALUES (1, 'Rooney', 'Huff', 'Oliver', '$2a$04$XwCaQOgYeWbZggslQffbN.91C0PDP1K6Oo5rCMkgrF.31RmqnY8Jm', 'lobortis@velnisl.net', '(0181) 760 8925', '2018-10-25', '1672121883899'),
       (2, 'Eagan', 'Foley', 'Unity', '$2a$04$XwCaQOgYeWbZggslQffbN.91C0PDP1K6Oo5rCMkgrF.31RmqnY8Jm', 'ullamcorper.viverra@accumsan.edu', '0966 824 6434', '2019-01-29', '1642111466999'),
       (3, 'Owen', 'Gamble', 'Quincy', '$2a$04$XwCaQOgYeWbZggslQffbN.91C0PDP1K6Oo5rCMkgrF.31RmqnY8Jm', 'volutpat.Nulla.facilisis@Crasloremlorem.edu', '(0117) 074 0154', '2017-08-17', '1637090714599'),
       (4, 'Hanae', 'Hoover', 'Levi', '$2a$04$XwCaQOgYeWbZggslQffbN.91C0PDP1K6Oo5rCMkgrF.31RmqnY8Jm', 'Ut@purus.co.uk', '(01758) 79978', '2018-08-31', '1645012143499'),
       (5, 'Judith', 'Love', 'Cullen', '$2a$04$XwCaQOgYeWbZggslQffbN.91C0PDP1K6Oo5rCMkgrF.31RmqnY8Jm', 'Quisque@Fusce.com', '(0115) 579 9066', '2019-07-07', '1604021449699'),
       (6, 'Zelenia', 'Sullivan', 'Vaughan', '$2a$04$XwCaQOgYeWbZggslQffbN.91C0PDP1K6Oo5rCMkgrF.31RmqnY8Jm', 'In.lorem@amet.edu', '0388 513 4393', '2019-03-31', '1696112184199'),
       (7, 'Edan', 'Sanford', 'Hunter', '$2a$04$XwCaQOgYeWbZggslQffbN.91C0PDP1K6Oo5rCMkgrF.31RmqnY8Jm', 'tincidunt.tempus.risus@enimmitempor.ca', '0800 1111', '2018-01-07', '1695032916699'),
       (8, 'Nicole', 'Guthrie', 'Zephania', '$2a$04$XwCaQOgYeWbZggslQffbN.91C0PDP1K6Oo5rCMkgrF.31RmqnY8Jm', 'a@auctorveliteget.ca', '055 6381 3457', '2018-03-24', '1692031344799'),
       (9, 'Jack', 'Sweet', 'Chadwick', '$2a$04$XwCaQOgYeWbZggslQffbN.91C0PDP1K6Oo5rCMkgrF.31RmqnY8Jm', 'Donec@Morbi.co.uk', '07624 011266', '2018-01-14', '1631031047099'),
       (10, 'Idona', 'Abbott', 'Sonya', '$2a$04$XwCaQOgYeWbZggslQffbN.91C0PDP1K6Oo5rCMkgrF.31RmqnY8Jm', 'vehicula.risus@Nullamscelerisque.com', '055 4978 9916', '2018-06-08', '1662032748799'),
       (11, 'Sonia', 'Burns', 'Amir', '$2a$04$XwCaQOgYeWbZggslQffbN.91C0PDP1K6Oo5rCMkgrF.31RmqnY8Jm', 'turpis.vitae@aliquet.co.uk', '07624 450363', '2017-08-07', '1683032515399'),
       (12, 'Price', 'Lambert', 'Laura', '$2a$04$XwCaQOgYeWbZggslQffbN.91C0PDP1K6Oo5rCMkgrF.31RmqnY8Jm', 'arcu.Nunc.mauris@temporbibendum.ca', '(01689) 67982', '2019-05-16', '1656092550099'),
       (13, 'Jocelyn', 'Mcclure', 'Aurelia', '$2a$04$XwCaQOgYeWbZggslQffbN.91C0PDP1K6Oo5rCMkgrF.31RmqnY8Jm', 'lacinia@uteros.com', '055 4722 2827', '2018-03-12', '1671072736199'),
       (14, 'Perry', 'Hunter', 'Barclay', '$2a$04$XwCaQOgYeWbZggslQffbN.91C0PDP1K6Oo5rCMkgrF.31RmqnY8Jm', 'euismod.urna@rhoncusProin.net', '07889 396537', '2019-06-17', '1624102921399'),
       (15, 'Buckminster', 'Hopper', 'Lunea', '$2a$04$XwCaQOgYeWbZggslQffbN.91C0PDP1K6Oo5rCMkgrF.31RmqnY8Jm', 'quis.lectus.Nullam@Suspendisse.ca', '0340 034 5581', '2017-10-02', '1625072522699'),
       (16, 'Kim', 'Mcleod', 'Dana', '$2a$04$XwCaQOgYeWbZggslQffbN.91C0PDP1K6Oo5rCMkgrF.31RmqnY8Jm', 'purus@est.org', '0800 1111', '2019-04-20', '1682110640699'),
       (17, 'Yael', 'Ray', 'Shana', '$2a$04$XwCaQOgYeWbZggslQffbN.91C0PDP1K6Oo5rCMkgrF.31RmqnY8Jm', 'turpis@urna.net', '0845 46 44', '2019-06-16', '1681040884499'),
       (18, 'Philip', 'Knox', 'Kellie', '$2a$04$XwCaQOgYeWbZggslQffbN.91C0PDP1K6Oo5rCMkgrF.31RmqnY8Jm', 'libero@id.ca', '070 5239 4613', '2019-05-09', '1621022234999'),
       (19, 'Odessa', 'Gilmore', 'Thane', '$2a$04$XwCaQOgYeWbZggslQffbN.91C0PDP1K6Oo5rCMkgrF.31RmqnY8Jm', 'Vivamus.nibh.dolor@disparturient.net', '0845 46 47', '2018-07-24', '1633020884999'),
       (20, 'Nadine', 'Bonner', 'Robert', '$2a$04$XwCaQOgYeWbZggslQffbN.91C0PDP1K6Oo5rCMkgrF.31RmqnY8Jm', 'Sed.id@hendreritid.net', '076 1207 3325', '2019-03-01', '1627022833999'),
       (21, 'Fay', 'Copeland', 'Quinlan', '$2a$04$XwCaQOgYeWbZggslQffbN.91C0PDP1K6Oo5rCMkgrF.31RmqnY8Jm', 'Phasellus.dolor.elit@sedpedenec.co.uk', '056 1780 5238', '2019-05-03', '1620020984599'),
       (22, 'Dacey', 'Benton', 'Latifah', '$2a$04$XwCaQOgYeWbZggslQffbN.91C0PDP1K6Oo5rCMkgrF.31RmqnY8Jm', 'quis.massa@risusquis.edu', '070 8907 2549', '2018-07-08', '1675101522399'),
       (23, 'Orli', 'Yang', 'Wing', '$2a$04$XwCaQOgYeWbZggslQffbN.91C0PDP1K6Oo5rCMkgrF.31RmqnY8Jm', 'fringilla@iaculisenimsit.net', '(0111) 930 7255', '2018-04-25', '1680092571999'),
       (24, 'Uriel', 'Roy', 'Ross', '$2a$04$XwCaQOgYeWbZggslQffbN.91C0PDP1K6Oo5rCMkgrF.31RmqnY8Jm', 'dui.nec@posuere.net', '076 0896 3655', '2018-10-23', '1668062544599'),
       (25, 'Zoe', 'Webb', 'MacKenzie', '$2a$04$XwCaQOgYeWbZggslQffbN.91C0PDP1K6Oo5rCMkgrF.31RmqnY8Jm', 'vitae.risus@sedorcilobortis.org', '070 1736 7302', '2017-09-14', '1626102956399'),
       (26, 'Ivan', 'Carr', 'Jaime', '$2a$04$XwCaQOgYeWbZggslQffbN.91C0PDP1K6Oo5rCMkgrF.31RmqnY8Jm', 'amet.faucibus.ut@sed.edu', '0800 147626', '2018-05-03', '1607092475799'),
       (27, 'Carol', 'Hansen', 'Roth', '$2a$04$XwCaQOgYeWbZggslQffbN.91C0PDP1K6Oo5rCMkgrF.31RmqnY8Jm', 'Quisque@nec.ca', '(01676) 61169', '2019-06-14', '1600011298199'),
       (28, 'Willa', 'Mathews', 'Iliana', '$2a$04$XwCaQOgYeWbZggslQffbN.91C0PDP1K6Oo5rCMkgrF.31RmqnY8Jm', 'sem.consequat@Phasellusin.edu', '0500 450288', '2019-06-15', '1602021290499'),
       (29, 'Alyssa', 'Hancock', 'Michelle', '$2a$04$XwCaQOgYeWbZggslQffbN.91C0PDP1K6Oo5rCMkgrF.31RmqnY8Jm', 'ut@maurissagittisplacerat.org', '0923 326 8855', '2019-04-12', '1690040955999'),
       (30, 'Shea', 'Joyner', 'Rana', '$2a$04$XwCaQOgYeWbZggslQffbN.91C0PDP1K6Oo5rCMkgrF.31RmqnY8Jm', 'tincidunt.Donec.vitae@arcuMorbi.co.uk', '(015457) 51559', '2018-11-10', '1649011424799'),
       (31, 'Malik', 'Dean', 'Cameron', '$2a$04$XwCaQOgYeWbZggslQffbN.91C0PDP1K6Oo5rCMkgrF.31RmqnY8Jm', 'Vestibulum.ut.eros@sollicitudinadipiscingligula.org', '(0117) 710 1999', '2018-08-09', '1698080656499'),
       (32, 'Evelyn', 'Valentine', 'Hilda', '$2a$04$XwCaQOgYeWbZggslQffbN.91C0PDP1K6Oo5rCMkgrF.31RmqnY8Jm', 'sit@elit.ca', '056 6237 7242', '2018-10-04', '1659090692299'),
       (33, 'Medge', 'Maxwell', 'Kadeem', '$2a$04$XwCaQOgYeWbZggslQffbN.91C0PDP1K6Oo5rCMkgrF.31RmqnY8Jm', 'libero.Donec.consectetuer@liberoat.net', '07624 048463', '2017-10-08', '1686092145799'),
       (34, 'Ayanna', 'Lopez', 'Jakeem', '$2a$04$XwCaQOgYeWbZggslQffbN.91C0PDP1K6Oo5rCMkgrF.31RmqnY8Jm', 'feugiat.metus.sit@ornareplaceratorci.ca', '076 0403 3372', '2018-01-04', '1669011588399'),
       (35, 'Caldwell', 'Shaw', 'Noelani', '$2a$04$XwCaQOgYeWbZggslQffbN.91C0PDP1K6Oo5rCMkgrF.31RmqnY8Jm', 'fermentum.fermentum.arcu@egetmassa.net', '055 6428 7074', '2017-12-31', '1664022132399'),
       (36, 'Sasha', 'Carrillo', 'Graiden', '$2a$04$XwCaQOgYeWbZggslQffbN.91C0PDP1K6Oo5rCMkgrF.31RmqnY8Jm', 'ornare.In.faucibus@sollicitudincommodoipsum.edu', '0956 978 9982', '2018-08-03', '1618042225899'),
       (37, 'Gage', 'Holmes', 'Colton', '$2a$04$XwCaQOgYeWbZggslQffbN.91C0PDP1K6Oo5rCMkgrF.31RmqnY8Jm', 'Sed.auctor.odio@malesuadafames.ca', '07624 567001', '2018-06-03', '1620051211099'),
       (38, 'Hayley', 'Duran', 'Halee', '$2a$04$XwCaQOgYeWbZggslQffbN.91C0PDP1K6Oo5rCMkgrF.31RmqnY8Jm', 'sapien.imperdiet@Nuncmaurissapien.edu', '(01033) 87883', '2017-11-08', '1682092514499'),
       (39, 'Grady', 'Branch', 'Eric', '$2a$04$XwCaQOgYeWbZggslQffbN.91C0PDP1K6Oo5rCMkgrF.31RmqnY8Jm', 'consectetuer.adipiscing@habitantmorbitristique.net', '07263 179117', '2019-06-28', '1673092213299'),
       (40, 'Claire', 'Welch', 'Martin', '$2a$04$XwCaQOgYeWbZggslQffbN.91C0PDP1K6Oo5rCMkgrF.31RmqnY8Jm', 'turpis.non@tellusimperdietnon.ca', '07435 203505', '2019-01-24', '1603071899599'),
       (41, 'Dale', 'Francis', 'Odysseus', '$2a$04$XwCaQOgYeWbZggslQffbN.91C0PDP1K6Oo5rCMkgrF.31RmqnY8Jm', 'nec.mollis.vitae@risus.org', '0386 184 2753', '2017-08-20', '1663101490599'),
       (42, 'Derek', 'Moreno', 'Andrew', '$2a$04$XwCaQOgYeWbZggslQffbN.91C0PDP1K6Oo5rCMkgrF.31RmqnY8Jm', 'Ut.sagittis@facilisisvitae.edu', '0845 46 41', '2018-11-23', '1657040617299'),
       (43, 'Ila', 'Hardy', 'Maisie', '$2a$04$XwCaQOgYeWbZggslQffbN.91C0PDP1K6Oo5rCMkgrF.31RmqnY8Jm', 'sociis@ametconsectetueradipiscing.com', '0800 1111', '2019-05-21', '1601032745399'),
       (44, 'Madeson', 'Logan', 'Forrest', '$2a$04$XwCaQOgYeWbZggslQffbN.91C0PDP1K6Oo5rCMkgrF.31RmqnY8Jm', 'quis.urna.Nunc@venenatisamagna.ca', '(0121) 135 5048', '2018-01-18', '1662111360799'),
       (45, 'Cadman', 'Barron', 'Dana2', '$2a$04$XwCaQOgYeWbZggslQffbN.91C0PDP1K6Oo5rCMkgrF.31RmqnY8Jm', 'quis@acmattis.com', '07624 447860', '2018-07-26', '1624070818399'),
       (46, 'Petra', 'Cameron', 'Kibo', '$2a$04$XwCaQOgYeWbZggslQffbN.91C0PDP1K6Oo5rCMkgrF.31RmqnY8Jm', 'In@sem.ca', '0500 427723', '2017-08-03', '1661061160999'),
       (47, 'Zelda', 'Cook', 'Moana', '$2a$04$XwCaQOgYeWbZggslQffbN.91C0PDP1K6Oo5rCMkgrF.31RmqnY8Jm', 'risus@justonec.org', '07706 566026', '2017-09-10', '1615040384599'),
       (48, 'Julian', 'Nixon', 'Nash', '$2a$04$XwCaQOgYeWbZggslQffbN.91C0PDP1K6Oo5rCMkgrF.31RmqnY8Jm', 'in.cursus@Phasellus.net', '0800 358 0552', '2018-06-21', '1624121245499'),
       (49, 'Hiroko', 'Ellison', 'Ina', '$2a$04$XwCaQOgYeWbZggslQffbN.91C0PDP1K6Oo5rCMkgrF.31RmqnY8Jm', 'Duis@ultrices.co.uk', '0800 1111', '2018-06-29', '1651120850799'),
       (50, 'Frances', 'Whitaker', 'Aurelia2', '$2a$04$XwCaQOgYeWbZggslQffbN.91C0PDP1K6Oo5rCMkgrF.31RmqnY8Jm', 'et@lacusEtiam.edu', '07624 840321', '2018-06-29', '1671031309699'),
       (51, 'Gabriel', 'Sears', 'Donna', '$2a$04$XwCaQOgYeWbZggslQffbN.91C0PDP1K6Oo5rCMkgrF.31RmqnY8Jm', 'augue.malesuada@Sed.edu', '0800 100311', '2017-08-11', '1646120451699'),
       (52, 'Zeus', 'Williamson', 'Price', '$2a$04$XwCaQOgYeWbZggslQffbN.91C0PDP1K6Oo5rCMkgrF.31RmqnY8Jm', 'sed.dui@vitaeposuereat.org', '0800 896720', '2019-06-06', '1637062838999'),
       (53, 'Isaac', 'Mcgee', 'Gloria', '$2a$04$XwCaQOgYeWbZggslQffbN.91C0PDP1K6Oo5rCMkgrF.31RmqnY8Jm', 'habitant.morbi.tristique@in.edu', '(016977) 5962', '2018-03-31', '1673121892899'),
       (54, 'Harding', 'Forbes', 'Melinda', '$2a$04$XwCaQOgYeWbZggslQffbN.91C0PDP1K6Oo5rCMkgrF.31RmqnY8Jm', 'egestas.Aliquam.nec@vestibulummassa.org', '(01121) 91703', '2018-06-04', '1626070212999'),
       (55, 'Aladdin', 'Michael', 'Bree', '$2a$04$XwCaQOgYeWbZggslQffbN.91C0PDP1K6Oo5rCMkgrF.31RmqnY8Jm', 'dui.Suspendisse@orciquislectus.com', '(016348) 58082', '2019-02-22', '1644020320399'),
       (56, 'Talon', 'Franco', 'Acton', '$2a$04$XwCaQOgYeWbZggslQffbN.91C0PDP1K6Oo5rCMkgrF.31RmqnY8Jm', 'tellus.justo.sit@aliquamarcu.edu', '076 9559 6674', '2018-11-06', '1609040818799'),
       (57, 'Aspen', 'Kirkland', 'Portia', '$2a$04$XwCaQOgYeWbZggslQffbN.91C0PDP1K6Oo5rCMkgrF.31RmqnY8Jm', 'rhoncus@Sednecmetus.net', '0800 410883', '2017-12-30', '1608020164099'),
       (58, 'Tatiana', 'Cain', 'Hedy', '$2a$04$XwCaQOgYeWbZggslQffbN.91C0PDP1K6Oo5rCMkgrF.31RmqnY8Jm', 'sed.sapien.Nunc@etrutrum.net', '(0181) 525 1628', '2017-10-24', '1692100481399'),
       (59, 'Patience', 'Adams', 'Rowan', '$2a$04$XwCaQOgYeWbZggslQffbN.91C0PDP1K6Oo5rCMkgrF.31RmqnY8Jm', 'adipiscing.lacus@risusNunc.org', '0865 869 0980', '2019-01-07', '1602101434299'),
       (60, 'Abdul', 'Cardenas', 'Jasmine', '$2a$04$XwCaQOgYeWbZggslQffbN.91C0PDP1K6Oo5rCMkgrF.31RmqnY8Jm', 'ipsum.leo.elementum@urna.org', '055 1682 3878', '2017-09-25', '1608051815099'),
       (61, 'Yetta', 'Yates', 'Linda', '$2a$04$XwCaQOgYeWbZggslQffbN.91C0PDP1K6Oo5rCMkgrF.31RmqnY8Jm', 'odio.Etiam@ut.com', '(0118) 350 3171', '2018-01-14', '1608072318099'),
       (62, 'Kerry', 'Jennings', 'Bertha', '$2a$04$XwCaQOgYeWbZggslQffbN.91C0PDP1K6Oo5rCMkgrF.31RmqnY8Jm', 'Nulla.tincidunt@turpis.edu', '0929 828 0552', '2018-11-16', '1622042753899'),
       (63, 'Alfonso', 'Terrell', 'Sigourney', '$2a$04$XwCaQOgYeWbZggslQffbN.91C0PDP1K6Oo5rCMkgrF.31RmqnY8Jm', 'eu@Aeneanmassa.com', '0800 643965', '2019-06-24', '1628072090499'),
       (64, 'Dennis', 'Mercer', 'Kessie', '$2a$04$XwCaQOgYeWbZggslQffbN.91C0PDP1K6Oo5rCMkgrF.31RmqnY8Jm', 'egestas@ullamcorperDuiscursus.net', '(0118) 419 7563', '2017-12-04', '1658080253099'),
       (65, 'Christopher', 'Irwin', 'Hayes', '$2a$04$XwCaQOgYeWbZggslQffbN.91C0PDP1K6Oo5rCMkgrF.31RmqnY8Jm', 'molestie@infaucibusorci.edu', '(0141) 607 0265', '2019-05-23', '1616030583399'),
       (66, 'Denton', 'Hoffman', 'Myra', '$2a$04$XwCaQOgYeWbZggslQffbN.91C0PDP1K6Oo5rCMkgrF.31RmqnY8Jm', 'ut@nulla.org', '(0111) 169 8659', '2019-04-30', '1617062658799'),
       (67, 'Maryam', 'Mccormick', 'Murphy', '$2a$04$XwCaQOgYeWbZggslQffbN.91C0PDP1K6Oo5rCMkgrF.31RmqnY8Jm', 'sed.dolor.Fusce@Nullasempertellus.ca', '0800 693510', '2019-03-07', '1658112793499'),
       (68, 'Gillian', 'Crosby', 'Mia', '$2a$04$XwCaQOgYeWbZggslQffbN.91C0PDP1K6Oo5rCMkgrF.31RmqnY8Jm', 'cursus.a.enim@Fuscefermentum.co.uk', '(016977) 4709', '2019-07-21', '1689071655799'),
       (69, 'Steven', 'Oconnor', 'Chaim', '$2a$04$XwCaQOgYeWbZggslQffbN.91C0PDP1K6Oo5rCMkgrF.31RmqnY8Jm', 'arcu.Aliquam.ultrices@mattis.net', '055 0892 0915', '2017-10-08', '1680112410199'),
       (70, 'Brielle', 'Mercer', 'Hedley', '$2a$04$XwCaQOgYeWbZggslQffbN.91C0PDP1K6Oo5rCMkgrF.31RmqnY8Jm', 'orci.Phasellus.dapibus@vestibulum.com', '0993 588 9491', '2018-04-21', '1634032843099'),
       (71, 'Quail', 'Thomas', 'Aaron', '$2a$04$XwCaQOgYeWbZggslQffbN.91C0PDP1K6Oo5rCMkgrF.31RmqnY8Jm', 'non@famesacturpis.org', '0845 46 42', '2018-12-06', '1660050154999'),
       (72, 'Anjolie', 'Fry', 'Quemby', '$2a$04$XwCaQOgYeWbZggslQffbN.91C0PDP1K6Oo5rCMkgrF.31RmqnY8Jm', 'malesuada.fames.ac@loremacrisus.co.uk', '0847 947 6671', '2019-05-29', '1661021505699'),
       (73, 'Rinah', 'Price', 'Destiny', '$2a$04$XwCaQOgYeWbZggslQffbN.91C0PDP1K6Oo5rCMkgrF.31RmqnY8Jm', 'at.velit@aliquam.ca', '(027) 6030 7997', '2018-12-21', '1653100493199'),
       (74, 'Sonia', 'Sloan', 'Willow', '$2a$04$XwCaQOgYeWbZggslQffbN.91C0PDP1K6Oo5rCMkgrF.31RmqnY8Jm', 'quam.a.felis@ipsumdolorsit.edu', '0800 013 7423', '2018-02-25', '1619070378399'),
       (75, 'Cullen', 'Richards', 'Medge', '$2a$04$XwCaQOgYeWbZggslQffbN.91C0PDP1K6Oo5rCMkgrF.31RmqnY8Jm', 'Cras.convallis@lobortis.org', '070 7010 7025', '2019-04-26', '1622061671799'),
       (76, 'Dexter', 'Love', 'Jacqueline', '$2a$04$XwCaQOgYeWbZggslQffbN.91C0PDP1K6Oo5rCMkgrF.31RmqnY8Jm', 'est.Nunc.ullamcorper@acsemut.edu', '0398 901 4779', '2018-04-19', '1632041222099'),
       (77, 'Kiona', 'Solis', 'Kermit', '$2a$04$XwCaQOgYeWbZggslQffbN.91C0PDP1K6Oo5rCMkgrF.31RmqnY8Jm', 'ut@Duisac.org', '(017320) 38228', '2018-09-26', '1603121909499'),
       (78, 'Kimberley', 'Johnson', 'Isabella', '$2a$04$XwCaQOgYeWbZggslQffbN.91C0PDP1K6Oo5rCMkgrF.31RmqnY8Jm', 'sociis@ornarelectusjusto.ca', '(0161) 388 4976', '2017-11-14', '1692042157999'),
       (79, 'Teegan', 'Preston', 'Avye', '$2a$04$XwCaQOgYeWbZggslQffbN.91C0PDP1K6Oo5rCMkgrF.31RmqnY8Jm', 'Nullam@nonsollicitudina.edu', '(0141) 554 8918', '2019-05-17', '1681082503299'),
       (80, 'Cameron', 'Petersen', 'Garth', '$2a$04$XwCaQOgYeWbZggslQffbN.91C0PDP1K6Oo5rCMkgrF.31RmqnY8Jm', 'imperdiet@elitdictum.edu', '(01208) 27175', '2018-09-01', '1673031920999'),
       (81, 'Kiayada', 'Webster', 'Preston', '$2a$04$XwCaQOgYeWbZggslQffbN.91C0PDP1K6Oo5rCMkgrF.31RmqnY8Jm', 'aliquam@nasceturridiculusmus.net', '(01759) 93116', '2018-10-16', '1661112380699'),
       (82, 'Reese', 'Russell', 'Kibo2', '$2a$04$XwCaQOgYeWbZggslQffbN.91C0PDP1K6Oo5rCMkgrF.31RmqnY8Jm', 'eget.ipsum@orciquislectus.ca', '0882 047 9768', '2018-07-02', '1641032122499'),
       (83, 'Bevis', 'Lawson', 'Lynn', '$2a$04$XwCaQOgYeWbZggslQffbN.91C0PDP1K6Oo5rCMkgrF.31RmqnY8Jm', 'egestas@Morbiquisurna.ca', '07743 817931', '2019-07-10', '1650052372599'),
       (84, 'Chancellor', 'Mccarthy', 'Carter', '$2a$04$XwCaQOgYeWbZggslQffbN.91C0PDP1K6Oo5rCMkgrF.31RmqnY8Jm', 'nunc.risus.varius@elit.net', '(0141) 364 9558', '2019-01-19', '1610050262799'),
       (85, 'Rina', 'Rivers', 'Ann', '$2a$04$XwCaQOgYeWbZggslQffbN.91C0PDP1K6Oo5rCMkgrF.31RmqnY8Jm', 'Vestibulum.ut.eros@Aliquam.org', '07154 945357', '2019-07-16', '1647092246799'),
       (86, 'Michael', 'Carney', 'Aphrodite', '$2a$04$XwCaQOgYeWbZggslQffbN.91C0PDP1K6Oo5rCMkgrF.31RmqnY8Jm', 'sit.amet@risusInmi.edu', '0800 703831', '2019-01-25', '1611021686099'),
       (87, 'Igor', 'Gillespie', 'Kennan', '$2a$04$XwCaQOgYeWbZggslQffbN.91C0PDP1K6Oo5rCMkgrF.31RmqnY8Jm', 'sapien@felispurusac.org', '07624 657732', '2018-04-22', '1694022741399'),
       (88, 'Theodore', 'Barker', 'Wade', '$2a$04$XwCaQOgYeWbZggslQffbN.91C0PDP1K6Oo5rCMkgrF.31RmqnY8Jm', 'tristique@ullamcorper.org', '(016977) 6867', '2017-12-10', '1676112342199'),
       (89, 'Hadassah', 'Cochran', 'Xerxes', '$2a$04$XwCaQOgYeWbZggslQffbN.91C0PDP1K6Oo5rCMkgrF.31RmqnY8Jm', 'Aenean.massa.Integer@purussapiengravida.ca', '07624 228855', '2018-05-10', '1632082997299'),
       (90, 'Fleur', 'Farley', 'Ethan', '$2a$04$XwCaQOgYeWbZggslQffbN.91C0PDP1K6Oo5rCMkgrF.31RmqnY8Jm', 'dapibus.ligula.Aliquam@risusatfringilla.org', '(012656) 17504', '2018-08-29', '1604120285399'),
       (91, 'Hilel', 'Bernard', 'Gage', '$2a$04$XwCaQOgYeWbZggslQffbN.91C0PDP1K6Oo5rCMkgrF.31RmqnY8Jm', 'odio@magna.edu', '(0181) 589 6122', '2018-10-30', '1669031059699'),
       (92, 'Benjamin', 'Summers', 'Angela', '$2a$04$XwCaQOgYeWbZggslQffbN.91C0PDP1K6Oo5rCMkgrF.31RmqnY8Jm', 'auctor.odio.a@nisiAeneaneget.co.uk', '0845 46 45', '2017-10-01', '1671081017699'),
       (93, 'Ivana', 'Harper', 'Destiny2', '$2a$04$XwCaQOgYeWbZggslQffbN.91C0PDP1K6Oo5rCMkgrF.31RmqnY8Jm', 'dictum.Phasellus@pedePraesent.ca', '0845 46 46', '2018-06-29', '1635123026799'),
       (94, 'Aquila', 'Gates', 'Boris', '$2a$04$XwCaQOgYeWbZggslQffbN.91C0PDP1K6Oo5rCMkgrF.31RmqnY8Jm', 'varius.ultrices.mauris@porttitor.co.uk', '0900 993 0002', '2018-07-08', '1623102963299'),
       (95, 'Logan', 'Sears', 'Giacomo', '$2a$04$XwCaQOgYeWbZggslQffbN.91C0PDP1K6Oo5rCMkgrF.31RmqnY8Jm', 'odio.tristique.pharetra@vehicula.net', '(0110) 222 7469', '2019-03-23', '1648100363299'),
       (96, 'Maisie', 'Walsh', 'Deacon', '$2a$04$XwCaQOgYeWbZggslQffbN.91C0PDP1K6Oo5rCMkgrF.31RmqnY8Jm', 'elit@vitaesodales.net', '0816 257 3221', '2017-08-01', '1657120515499'),
       (97, 'Orli', 'Sosa', 'Shaeleigh', '$2a$04$XwCaQOgYeWbZggslQffbN.91C0PDP1K6Oo5rCMkgrF.31RmqnY8Jm', 'sed.pede@Curabiturmassa.net', '070 7970 9639', '2019-01-15', '1609092709599'),
       (98, 'Demetria', 'Gonzalez', 'Daniel', '$2a$04$XwCaQOgYeWbZggslQffbN.91C0PDP1K6Oo5rCMkgrF.31RmqnY8Jm', 'molestie.tellus.Aenean@Pellentesqueultricies.edu', '(01004) 062095', '2017-10-07', '1692082737999'),
       (99, 'Odette', 'Manning', 'Lydia', '$2a$04$XwCaQOgYeWbZggslQffbN.91C0PDP1K6Oo5rCMkgrF.31RmqnY8Jm', 'lectus.pede@sociisnatoque.ca', '0348 069 7118', '2018-07-12', '1658032153099'),
       (100, 'Kennan', 'Blanchard', 'Karina', '$2a$04$XwCaQOgYeWbZggslQffbN.91C0PDP1K6Oo5rCMkgrF.31RmqnY8Jm', 'lorem.sit@massa.ca', '(0112) 899 2379', '2018-12-09', '1686032740699'),
       (101, 'Adam', 'Tomkowski', 'adam123', '$2a$10$UbB2jVomiiCQMbSSO2dn.Oi5pgxM9ydh3O4nn5Wj2Rc48GBrAbmg2', 'adam.kowalski1@interia.pl', '123 456 321', '1996-02-10', '96021112345'),
       (102, 'Marek', 'Adamowski', 'marek123', '$2a$10$pJyncdXvc60ySfcFD9FF0OswMVWpEAN5qdiRvhFvjfsSyMDychCQy', 'marek@gmail.com', '123 321 222', '1995-01-01', '95010212321'),
       (103, 'Karol', 'Nowakowski', 'karol123', '$2a$10$68MN/PUjqXoAe5WnBls04.oW/V1IO1ZKKcqsaAJC5x7XkxGPOm6n2', 'karol.nowakowski@gmail.com', '312 311 123', '1992-06-17', '92061712211');

INSERT INTO app_users_roles (user_id, user_role_id)
VALUES (1, 1),
       (2, 2),
       (3, 2),
       (4, 2),
       (5, 2),
       (6, 2),
       (7, 2),
       (8, 2),
       (9, 2),
       (10, 2),
       (11, 2),
       (12, 2),
       (13, 2),
       (14, 2),
       (15, 2),
       (16, 2),
       (17, 2),
       (18, 2),
       (19, 2),
       (20, 2),
       (21, 2),
       (22, 2),
       (23, 2),
       (24, 2),
       (25, 2),
       (26, 2),
       (27, 2),
       (28, 2),
       (29, 2),
       (30, 2),
       (31, 2),
       (32, 2),
       (33, 2),
       (34, 2),
       (35, 2),
       (36, 2),
       (37, 2),
       (38, 2),
       (39, 2),
       (40, 2),
       (41, 4),
       (42, 4),
       (43, 4),
       (44, 4),
       (45, 4),
       (46, 4),
       (47, 4),
       (48, 4),
       (49, 4),
       (50, 4),
       (51, 5),
       (52, 5),
       (53, 5),
       (54, 5),
       (55, 5),
       (56, 3),
       (57, 3),
       (58, 3),
       (59, 3),
       (60, 3),
       (61, 3),
       (62, 3),
       (63, 3),
       (64, 3),
       (65, 3),
       (66, 3),
       (67, 3),
       (68, 3),
       (69, 3),
       (70, 3),
       (71, 2),
       (72, 2),
       (73, 2),
       (74, 2),
       (75, 2),
       (76, 2),
       (77, 2),
       (78, 2),
       (79, 2),
       (80, 2),
       (81, 2),
       (82, 2),
       (83, 2),
       (84, 2),
       (85, 2),
       (86, 2),
       (87, 2),
       (88, 2),
       (89, 2),
       (90, 2),
       (91, 2),
       (92, 2),
       (93, 2),
       (94, 2),
       (95, 2),
       (96, 1),
       (97, 1),
       (98, 1),
       (99, 1),
       (100, 1),
       (101, 2),
       (102, 2),
       (102, 3),
       (103, 1),
       (103, 2);
