INSERT INTO booking_states
VALUES ('CAN', 'canceled'),
       ('REN', 'rented'),
       ('RES', 'reserved'),
       ('RET', 'returned');

INSERT INTO locations (id, country, city, street_and_nb, code, email, phone)
VALUES (1, 'Poland', 'Wrocław', 'ul. Testowa 12/3', '11-123', 'test1@mail.com', '321 321 321'),
       (2, 'Poland', 'Warszawa', 'ul. Testowa 21/62', '22-432', 'test2@mail.com', '123 123 123');

INSERT INTO bookings (id, user_id, vehicle_id, receipt_date, return_date, location_id, booking_state_code, total_cost)
VALUES (1, 1, 1, {ts '2020-09-17 18:47:52.69'}, {ts '2020-09-17 18:47:52.69'}, 1, 'RET', 123.21),
       (2, 1, 15, {ts '2020-09-17 18:47:52.69'}, {ts '2020-09-17 18:47:52.69'}, 1, 'RES', 123.21),
       (3, 1, 16, {ts '2020-09-17 18:47:52.69'}, {ts '2020-09-17 18:47:52.69'}, 1, 'REN', 123.21),
       (4, 2, 2, {ts '2020-09-17 18:47:52.69'}, {ts '2020-09-17 18:47:52.69'}, 1, 'RES', 241.51),
       (5, 3, 3, {ts '2020-09-17 18:47:52.69'}, {ts '2020-09-17 18:47:52.69'}, 1, 'CAN', 423.33),
       (6, 4, 4, {ts '2020-09-17 18:47:52.69'}, {ts '2020-09-17 18:47:52.69'}, 2, 'RES', 1222.87),
       (7, 5, 5, {ts '2020-09-17 18:47:52.69'}, {ts '2020-09-17 18:47:52.69'}, 1, 'REN', 1421.44),
       (8, 6, 6, {ts '2020-09-17 18:47:52.69'}, {ts '2020-09-17 18:47:52.69'}, 1, 'RES', 322.12),
       (9, 7, 7, {ts '2020-09-17 18:47:52.69'}, {ts '2020-09-17 18:47:52.69'}, 2, 'RET', 653.55),
       (10, 8, 8, {ts '2020-09-17 18:47:52.69'}, {ts '2020-09-17 18:47:52.69'}, 2, 'RET', 346.43),
       (11, 9, 9, {ts '2020-09-17 18:47:52.69'}, {ts '2020-09-17 18:47:52.69'}, 1, 'RET', 634.54),
       (12, 10, 10, {ts '2020-09-17 18:47:52.69'}, {ts '2020-09-17 18:47:52.69'}, 1, 'CAN', 1223.32),
       (13, 11, 11, {ts '2020-09-17 18:47:52.69'}, {ts '2020-09-17 18:47:52.69'}, 2, 'CAN', 223.87),
       (14, 12, 12, {ts '2020-09-17 18:47:52.69'}, {ts '2020-09-17 18:47:52.69'}, 1, 'CAN', 433.98),
       (15, 13, 13, {ts '2020-09-17 18:47:52.69'}, {ts '2020-09-17 18:47:52.69'}, 2, 'RES', 2123.67),
       (16, 14, 14, {ts '2020-09-17 18:47:52.69'}, {ts '2020-09-17 18:47:52.69'}, 1, 'RES', 1223.76);
